<?xml version="1.0" encoding="utf-8"?>
<odoo>
    <data noupdate="1">
        
        <!-- Default AI Configuration -->
        <record id="default_ai_config" model="hr.advanced.ai.config">
            <field name="name">Default AI Configuration</field>
            <field name="active">True</field>
            <field name="provider_priority">{"recruitment": ["openai", "claude"], "analysis": ["claude", "gemini"], "conversation": ["claude", "openai"]}</field>
            <field name="enable_multi_provider">True</field>
            <field name="enable_consensus_mode">True</field>
            <field name="consensus_threshold">0.8</field>
            <field name="enable_caching">True</field>
            <field name="cache_duration">24</field>
            <field name="max_concurrent_requests">10</field>
            <field name="monthly_budget_limit">1000.0</field>
            <field name="cost_alert_threshold">80.0</field>
            <field name="enable_response_validation">True</field>
            <field name="min_confidence_score">0.75</field>
            <field name="enable_human_review">True</field>
            <field name="enable_detailed_logging">True</field>
            <field name="log_retention_days">90</field>
        </record>
        
        <!-- Sequence for Predictive Predictions -->
        <record id="seq_hr_predictive_prediction" model="ir.sequence">
            <field name="name">HR Predictive Prediction</field>
            <field name="code">hr.predictive.prediction</field>
            <field name="prefix">PRED</field>
            <field name="padding">5</field>
            <field name="number_next">1</field>
            <field name="number_increment">1</field>
        </record>
        
    </data>
</odoo> 